CODE,S_SVO,S_SOV,S_VSO,S_VOS,S_OVS,S_OSV,S_SUBJECT_BEFORE_VERB,S_SUBJECT_AFTER_VERB,S_OBJECT_AFTER_VERB,S_OBJECT_BEFORE_VERB,S_SUBJECT_BEFORE_OBJECT,S_SUBJECT_AFTER_OBJECT,S_GENDER_MARK,S_SEX_MARK,S_DEFINITE_AFFIX,S_DEFINITE_WORD,S_INDEFINITE_AFFIX,S_INDEFINITE_WORD,S_POSSESSIVE_PREFIX,S_POSSESSIVE_SUFFIX,S_ADPOSITION_BEFORE_NOUN,S_ADPOSITION_AFTER_NOUN,S_POSSESSOR_BEFORE_NOUN,S_POSSESSOR_AFTER_NOUN,S_ADJECTIVE_BEFORE_NOUN,S_ADJECTIVE_AFTER_NOUN,S_DEMONSTRATIVE_WORD_BEFORE_NOUN,S_DEMONSTRATIVE_WORD_AFTER_NOUN,S_DEMONSTRATIVE_PREFIX,S_DEMONSTRATIVE_SUFFIX,S_NUMERAL_BEFORE_NOUN,S_NUMERAL_AFTER_NOUN,S_RELATIVE_BEFORE_NOUN,S_RELATIVE_AFTER_NOUN,S_RELATIVE_AROUND_NOUN,S_NOMINATIVE_VS_ACCUSATIVE_MARK,S_ERGATIVE_VS_ABSOLUTIVE_MARK,S_NEGATIVE_WORD_BEFORE_VERB,S_NEGATIVE_PREFIX,S_NEGATIVE_WORD_AFTER_VERB,S_NEGATIVE_SUFFIX,S_NEGATIVE_WORD_BEFORE_SUBJECT,S_NEGATIVE_WORD_AFTER_SUBJECT,S_NEGATIVE_WORD_BEFORE_OBJECT,S_NEGATIVE_WORD_AFTER_OBJECT,S_NEGATIVE_WORD_INITIAL,S_NEGATIVE_WORD_FINAL,S_NEGATIVE_WORD_ADJACENT_BEFORE_VERB,S_NEGATIVE_WORD_ADJACENT_AFTER_VERB,S_PLURAL_PREFIX,S_PLURAL_SUFFIX,S_PLURAL_WORD,S_OBJECT_HEADMARK,S_OBJECT_DEPMARK,S_POSSESSIVE_HEADMARK,S_POSSESSIVE_DEPMARK,S_TEND_HEADMARK,S_TEND_DEPMARK,S_TEND_PREFIX,S_TEND_SUFFIX,S_ANY_REDUP,S_CASE_PREFIX,S_CASE_SUFFIX,S_CASE_PROCLITIC,S_CASE_ENCLITIC,S_CASE_MARK,S_COMITATIVE_VS_INSTRUMENTAL_MARK,S_NUMCLASS_MARK,S_ADJECTIVE_WITHOUT_NOUN,S_PERFECTIVE_VS_IMPERFECTIVE_MARK,S_PAST_VS_PRESENT_MARK,S_FUTURE_AFFIX,S_TAM_PREFIX,S_TAM_SUFFIX,S_DEGREE_WORD_BEFORE_ADJECTIVE,S_DEGREE_WORD_AFTER_ADJECTIVE,S_POLARQ_MARK_INITIAL,S_POLARQ_MARK_FINAL,S_POLARQ_MARK_SECOND,S_POLARQ_WORD,S_POLARQ_AFFIX,S_SUBORDINATOR_WORD_BEFORE_CLAUSE,S_SUBORDINATOR_WORD_AFTER_CLAUSE,S_SUBORDINATOR_SUFFIX,S_PROSUBJECT_WORD,S_PROSUBJECT_AFFIX,S_PROSUBJECT_CLITIC,S_NEGATIVE_AFFIX,S_NEGATIVE_WORD,S_ANY_AGREEMENT_ON_ADJECTIVES,S_COMPLEMENTIZER_WORD_BEFORE_CLAUSE,S_COMPLEMENTIZER_WORD_AFTER_CLAUSE,S_VOX,S_XVO,S_XOV,S_OXV,S_OVX,S_OBLIQUE_AFTER_VERB,S_OBLIQUE_AFTER_OBJECT,S_OBLIQUE_BEFORE_VERB,S_OBLIQUE_BEFORE_OBJECT,S_ARTICLE_WORD_BEFORE_NOUN,S_ARTICLE_WORD_AFTER_NOUN,P_VOICE,P_VOICED_PLOSIVES,P_VOICED_FRICATIVES,P_EJECTIVES,P_IMPLOSIVES,P_GLOTTALIZED_RESONANTS,P_UVULARS,P_UVULAR_STOPS,P_UVULAR_CONTINUANTS,P_LATERALS,P_LATERAL_L,P_LATERAL_OBSTRUENTS,P_NASAL_VOWELS,P_FRONT_ROUND_VOWELS,P_BILABIALS,P_FRICATIVES,P_NASALS,P_LABIAL_VELARS,P_CLICKS,P_TH,P_PHARYNGEALS,P_COMPLEX_ONSETS,P_TONE,P_VELAR_NASAL,P_VELAR_NASAL_INITIAL,P_CODAS,P_COMPLEX_CODAS,P_LONG_VOWELS,INV_OPEN_FRONT_UNROUNDED_VOWEL,INV_VOICED_BILABIAL_PLOSIVE,INV_VOICED_BILABIAL_PLOSIVE_WITH_VOICED_LABIODENTAL_FRICATIVE,INV_VOICED_BILABIAL_PLOSIVE_WITH_VOICED_BILABIAL_FRICATIVE,INV_VOICELESS_PALATAL_PLOSIVE,INV_VOICELESS_PALATAL_PLOSIVE_WITH_VOICELESS_PALATAL_FRICATIVE,INV_VOICED_ALVEOLAR_PLOSIVE,INV_VOICED_ALVEOLAR_PLOSIVE_WITH_VOICED_DENTAL_FRICATIVE,INV_VOICED_ALVEOLAR_PLOSIVE_WITH_VOICED_ALVEOLAR_LATERAL_FRICATIVE,INV_VOICED_ALVEOLAR_PLOSIVE_WITH_VOICED_ALVEOPALATAL_FRICATIVE,INV_VOICED_ALVEOLAR_PLOSIVE_WITH_VOICED_POSTALVEOLAR_FRICATIVE,INV_CLOSE_MID_FRONT_UNROUNDED_VOWEL,INV_VOICELESS_LABIODENTAL_FRICATIVE,INV_VOICELESS_GLOTTAL_FRICATIVE,INV_CLOSE_FRONT_UNROUNDED_VOWEL,INV_PALATAL_APPROXIMANT,INV_VOICELESS_VELAR_PLOSIVE,INV_VOICELESS_VELAR_PLOSIVE_WITH_VOICELESS_BILABIAL_PLOSIVE,INV_VOICELESS_VELAR_PLOSIVE_WITH_VOICELESS_VELAR_FRICATIVE,INV_ALVEOLAR_LATERAL_APPROXIMANT,INV_BILABIAL_NASAL,INV_ALVEOLAR_NASAL,INV_CLOSE_MID_BACK_UNROUNDED_VOWEL,INV_VOICELESS_BILABIAL_PLOSIVE,INV_VOICELESS_BILABIAL_PLOSIVE_WITH_VOICELESS_LABIODENTAL_FRICATIVE,INV_VOICELESS_BILABIAL_PLOSIVE_WITH_VOICELESS_ALVEOLAR_PLOSIVE,INV_VOICELESS_BILABIAL_PLOSIVE_WITH_VOICELESS_BILABIAL_FRICATIVE,INV_VOICELESS_UVULAR_PLOSIVE,INV_VOICELESS_UVULAR_PLOSIVE_WITH_VOICED_UVULAR_FRICATIVE,INV_ALVEOLAR_TRILL,INV_VOICELESS_ALVEOLAR_FRICATIVE,INV_VOICELESS_ALVEOLAR_PLOSIVE,INV_VOICELESS_ALVEOLAR_PLOSIVE_WITH_VOICELESS_ALVEOLAR_FRICATIVE,INV_VOICELESS_ALVEOLAR_PLOSIVE_WITH_VOICELESS_ALVEOPALATAL_FRICATIVE,INV_VOICELESS_ALVEOLAR_PLOSIVE_WITH_VOICELESS_ALVEOLAR_LATERAL_FRICATIVE,INV_VOICELESS_ALVEOLAR_PLOSIVE_WITH_VOICELESS_DENTAL_FRICATIVE,INV_CLOSE_BACK_ROUNDED_VOWEL,INV_VOICED_LABIODENTAL_FRICATIVE,INV_VOICED_LABIAL_VELAR_APPROXIMANT,INV_VOICELESS_VELAR_FRICATIVE,INV_CLOSE_FRONT_ROUNDED_VOWEL,INV_OPEN_OPEN_MID_FRONT_UNROUNDED_VOWEL,INV_VOICELESS_PALATAL_FRICATIVE,INV_VOICED_DENTAL_FRICATIVE,INV_CLOSE_MID_FRONT_ROUNDED_VOWEL,INV_VOICELESS_PHARYNGEAL_FRICATIVE,INV_VELAR_NASAL,INV_OPEN_MID_FRONT_ROUNDED_VOWEL,INV_OPEN_OPEN_MID_CENTRAL_UNROUNDED_VOWEL,INV_OPEN_BACK_UNROUNDED_VOWEL,INV_OPEN_BACK_ROUNDED_VOWEL,INV_VOICED_BILABIAL_IMPLOSIVE,INV_OPEN_MID_BACK_ROUNDED_VOWEL,INV_VOICELESS_ALVEOPALATAL_FRICATIVE,INV_VOICED_RETROFLEX_PLOSIVE,INV_VOICED_RETROFLEX_PLOSIVE_WITH_VOICED_RETROFLEX_FRICATIVE,INV_VOICED_ALVEOLAR_IMPLOSIVE,INV_CLOSE_MID_CENTRAL_UNROUNDED_VOWEL,INV_MID_CENTRAL_UNROUNDED_VOWEL,INV_OPEN_MID_FRONT_UNROUNDED_VOWEL,INV_OPEN_MID_CENTRAL_UNROUNDED_RHOTIC_VOWEL,INV_OPEN_MID_CENTRAL_ROUNDED_VOWEL,INV_VOICED_PALATAL_PLOSIVE,INV_VOICED_PALATAL_PLOSIVE_WITH_VOICED_PALATAL_FRICATIVE,INV_VOICED_VELAR_IMPLOSIVE,INV_VOICED_VELAR_PLOSIVE_WITH_VOICED_BILABIAL_PLOSIVE,INV_VOICED_VELAR_PLOSIVE_WITH_VOICED_VELAR_FRICATIVE,INV_VOICED_UVULAR_PLOSIVE,INV_VOICED_VELAR_FRICATIVE,INV_VOICED_LABIAL_PALATAL_APPROXIMANT,INV_VOICED_GLOTTAL_FRICATIVE,INV_VOICELESS_POSTALVEOLAR_VELAR_FRICATIVE,INV_CLOSE_CENTRAL_UNROUNDED_VOWEL,INV_CLOSE_CLOSE_MID_HIGH_FRONT_UNROUNDED_VOWEL,INV_VOICED_VELARIZED_LATERAL_APPROXIMANT,INV_VOICELESS_ALVEOLAR_LATERAL_FRICATIVE,INV_VOICED_RETROFLEX_LATERAL_APPROXIMANT,INV_VOICED_ALVEOLAR_LATERAL_FRICATIVE,INV_CLOSE_BACK_UNROUNDED_VOWEL,INV_VELAR_APPROXIMANT,INV_LABIODENTAL_NASAL,INV_PALATAL_NASAL,INV_RETROFLEX_NASAL,INV_UVULAR_NASAL,INV_CLOSE_MID_CENTRAL_ROUNDED_VOWEL,INV_OPEN_FRONT_ROUNDED_VOWEL,INV_VOICELESS_BILABIAL_FRICATIVE,INV_ALVEOLAR_APPROXIMANT,INV_VOICED_ALVEOLAR_LATERAL_FLAP,INV_RETROFLEX_APPROXIMANT,INV_RETROFLEX_FLAP,INV_ALVEOLAR_TAP,INV_UVULAR_TRILL,INV_UVULAR_APPROXIMANT,INV_VOICELESS_RETROFLEX_FRICATIVE,INV_VOICELESS_POSTALVEOLAR_FRICATIVE,INV_VOICED_PALATAL_IMPLOSIVE,INV_VOICELESS_RETROFLEX_PLOSIVE,INV_VOICELESS_RETROFLEX_PLOSIVE_WITH_VOICELESS_RETROFLEX_FRICATIVE,INV_CLOSE_CENTRAL_ROUNDED_VOWEL,INV_LABIODENTAL_APPROXIMANT,INV_LABIODENTAL_FLAP,INV_OPEN_MID_BACK_UNROUNDED_VOWEL,INV_VOICELESS_LABIO_VELAR_FRICATIVE,INV_PALATAL_LATERAL_APPROXIMANT,INV_CLOSE_CLOSE_MID_HIGH_FRONT_ROUNDED_VOWEL,INV_VOICED_RETROFLEX_FRICATIVE,INV_VOICED_ALVEOPALATAL_FRICATIVE,INV_VOICED_POSTALVEOLAR_FRICATIVE,INV_GLOTTAL_PLOSIVE,INV_VOICED_PHARYNGEAL_FRICATIVE,INV_VOICED_BILABIAL_TRILL,INV_VOICED_PALATAL_FRICATIVE,INV_VELAR_LATERAL_APPROXIMANT,INV_VOICED_BILABIAL_FRICATIVE,INV_VOICELESS_DENTAL_FRICATIVE,INV_VOICED_UVULAR_FRICATIVE,INV_PLACE_LABIAL,INV_PLACE_PALATALIZED_LAB,INV_PLACE_LABIOVELARIZED_LAB,INV_PLACE_LABIOVELAR,INV_PLACE_MANNER_LABIOVELAR_OBS,INV_PLACE_DENTAL,INV_PLACE_LABIOVELARIZED_ALVEOLAR,INV_PLACE_ALVEOLAR,INV_PLACE_PALATOALVEOLAR,INV_PLACE_ALVEOPALATAL,INV_PLACE_PALATAL,INV_PLACE_RETROFLEX,INV_PLACE_MANNER_RETROFLEX_OBS,INV_PLACE_VELAR,INV_PLACE_PALATALIZED_VELAR,INV_PLACE_LABIOVELARIZED_VELAR,INV_PLACE_UVULAR,INV_PLACE_PHAR_EPIGLOTTAL,INV_PLACE_GLOTTAL,INV_PLACE_FRONT_ROUND,INV_PLACE_NON_LOW_UNROUNDED,INV_APICICAL_LAMIMANL,INV_VELAR_UVULAR,INV_NASAL_MINUS_NASAL,INV_TENSE_MINUS_TENSE,INV_ROUND_MINUS_ROUND,INV_HI_MINUS_HI,INV_LO_MINUS_LO,INV_VOWEL_3,INV_VOWEL_4,INV_VOWEL_5,INV_VOWEL_6,INV_VOWEL_7,INV_VOW_8,INV_VOW_9,INV_VOW_10_MORE,INV_CONS_ASP,INV_OBS_VD_VLESS,INV_CONT_VD_VLESS,INV_SON_VD_VLESS,INV_VOW_VD_VLESS
af,1,1,0,0,0,0,1,0,1,1,1,0,1,0,0,1,0,1,0,0,1,1,1,1,1,0,1,0,0,0,1,0,0,1,0,0,0,0,0,1,0,0,1,0,0,0,0,0,0,0,1,0,0,0,0,1,0,0,0,1,1,0,0,0,0,0,0,0,0,0,1,0,0,1,1,1,0,0,0,0,0,1,0,0,1,0,0,0,1,1,1,0,1,0,0,0,0,1,1,0,0,1,0,1,1,1,1,0,0,0,0,0,1,1,0,0,0,1,1,1,0,1,0,0,1,0,0,0,0,0,0,1,1,0,0,0,0,0,0,0,0,0,0,1,0,1,1,1,0,0,1,1,1,0,1,0,0,0,0,0,1,1,1,0,0,0,0,1,1,0,1,1,0,0,0,0,0,1,1,0,0,0,0,1,0,0,0,0,0,0,1,0,0,0,0,0,0,0,0,0,0,1,0,0,1,0,0,0,0,0,0,0,0,0,0,0,0,0,0,0,0,0,0,0,0,0,0,0,0,0,0,0,0,0,0,0,0,0,0,0,0,0,0,0,0,0,0,0,1,0,0,1,0,0,0,1,0,0,1,0,0,1,1,0,0,0,1,1,1,0,0,0,1,1,1,0,0,0,0,0,0,0,0,1,1,1,1,0,0
grc,1,0,1,1,1,0,1,1,1,0,1,0,1,1,0,0,0,0,0,0,1,0,1,1,1,1,1,1,0,0,1,0,0,1,0,1,0,1,0,0,0,0,1,1,0,0,0,1,0,0,1,0,0,1,0,1,0,1,0,1,0,0,1,0,0,1,0,0,1,1,1,0,0,1,1,0,1,0,0,1,0,1,0,0,0,1,0,0,1,1,1,0,1,0,0,0,0,1,1,0,0,1,0,1,1,1,0,0,0,0,0,0,1,1,0,0,0,1,1,1,0,0,0,0,1,0,0,0,1,0,0,1,1,0,0,0,0,1,0,0,0,0,1,1,1,1,1,1,0,0,1,1,1,0,1,0,0,0,0,0,1,1,1,0,0,0,0,1,1,0,1,1,0,0,1,0,0,0,0,0,0,0,0,1,0,0,0,0,0,1,1,0,0,0,0,0,0,0,0,0,0,0,0,0,0,0,0,0,0,0,0,0,0,0,0,0,0,0,0,0,0,0,0,0,0,0,1,0,0,0,0,0,0,0,0,0,0,0,0,1,0,0,0,0,0,0,1,0,1,0,0,1,0,1,0,1,0,0,1,0,0,1,1,0,0,0,1,1,1,1,0,0,0,0,1,0,0,0,0,0,0,0,0,0,0,1,1,0,0
pt,1,0,0,0,0,0,1,0,1,0,1,0,1,1,0,1,0,1,0,0,1,0,0,1,1,1,1,0,0,0,1,0,0,1,0,1,0,1,0,0,0,0,1,1,0,0,0,1,0,0,1,0,0,1,0,1,0,0,0,1,0,0,0,0,0,0,0,0,1,1,1,0,0,1,1,0,0,0,0,1,0,1,0,0,0,1,0,0,1,1,1,0,1,0,0,0,0,1,1,0,0,1,0,1,1,1,0,0,0,0,0,0,1,1,0,0,0,1,1,1,0,0,0,0,1,0,0,0,0,0,0,1,1,0,0,0,0,1,0,0,0,0,1,1,0,1,1,1,0,0,1,1,1,0,1,0,0,0,0,0,0,1,1,0,0,0,0,1,1,1,1,0,0,0,0,0,0,1,0,1,0,0,0,1,0,0,0,0,0,0,1,0,0,0,0,0,0,0,0,0,0,0,0,0,0,0,0,0,0,0,0,1,1,0,0,0,0,0,0,0,0,0,1,0,0,0,1,0,0,0,0,0,0,0,0,1,0,0,0,1,0,0,0,0,0,0,0,0,1,0,0,1,0,1,0,1,0,0,1,0,0,1,1,1,0,0,1,0,1,1,0,1,1,1,1,0,0,0,0,0,0,0,0,1,1,1,1,0,0
sv,1,0,0,0,0,0,1,0,1,0,1,0,1,1,1,0,0,1,0,0,1,0,1,1,1,0,1,0,0,0,1,0,0,1,0,1,0,1,0,1,0,0,1,1,0,0,0,1,0,0,1,0,0,1,0,1,0,1,0,1,0,0,0,0,0,0,0,0,0,0,1,0,0,1,1,0,0,0,0,0,0,1,0,0,1,0,0,0,1,1,1,0,1,0,0,0,0,1,1,0,0,1,0,1,1,1,0,0,0,0,0,0,1,1,0,0,1,1,1,1,0,0,0,0,1,0,0,0,1,0,0,1,1,0,0,0,0,0,0,0,0,0,1,1,1,1,0,1,0,0,1,1,1,0,1,0,0,0,0,0,0,1,1,0,0,0,0,1,1,0,0,1,0,0,0,1,0,1,1,0,1,0,0,1,1,0,0,0,0,0,1,0,0,0,0,0,0,0,0,0,0,0,1,0,1,0,0,0,0,0,0,0,0,0,0,1,0,0,1,0,0,0,0,0,0,0,0,0,0,0,1,1,0,0,0,0,1,0,0,0,0,0,0,1,0,0,0,0,1,0,0,1,0,1,0,1,0,1,1,0,0,1,1,1,0,0,1,1,1,1,0,0,1,1,1,0,0,0,0,0,0,0,0,1,1,1,1,0,0
no,1,0,0,0,0,0,1,0,1,0,1,0,1,1,1,0,0,1,0,0,1,0,1,1,1,0,1,0,0,0,1,0,0,1,0,1,0,1,0,1,0,0,1,1,0,0,0,1,0,0,1,0,0,1,0,1,0,1,0,1,0,0,1,0,0,1,0,0,0,0,1,0,0,1,1,0,0,0,0,0,0,1,0,0,1,0,0,0,1,1,1,0,1,0,0,0,0,1,1,0,0,1,0,1,1,0,0,0,0,0,0,0,1,1,0,0,1,1,1,1,0,0,0,0,1,1,0,0,0,0,0,1,1,0,0,0,0,0,0,0,0,0,1,1,1,1,1,1,0,0,1,1,1,0,1,0,0,0,0,0,0,1,1,0,0,0,0,1,0,0,0,1,1,1,0,0,0,1,1,0,0,0,0,0,0,1,0,0,0,1,0,0,0,0,0,0,0,0,0,0,0,0,0,0,1,0,0,1,0,0,0,0,0,1,0,0,0,0,0,0,0,0,1,0,0,0,1,0,1,0,1,1,1,0,0,0,1,0,0,0,0,0,0,0,0,0,0,0,1,0,0,1,0,1,0,1,1,0,1,1,1,1,1,0,0,0,1,1,1,1,0,0,0,1,1,1,0,0,0,0,0,0,0,1,1,0,1,0,0
es,1,0,0,0,0,0,1,1,1,0,1,0,1,1,0,1,0,1,0,0,1,0,0,1,1,1,1,0,0,0,1,0,0,1,0,1,0,1,0,0,0,0,1,1,0,0,0,1,0,0,1,0,1,1,0,1,0,0,0,1,0,0,0,0,0,0,0,0,1,1,1,1,0,1,1,0,0,0,0,0,0,1,0,0,0,1,0,0,1,1,1,0,1,0,0,0,0,1,1,0,0,1,0,1,0,1,0,0,0,0,0,0,1,1,0,0,0,1,1,1,0,0,1,0,1,0,0,0,1,0,0,1,0,0,0,0,0,0,0,0,0,0,1,1,0,1,1,1,0,0,1,1,1,0,1,0,0,0,0,0,1,1,1,0,0,0,0,1,0,1,1,0,0,0,0,0,0,0,0,0,0,0,0,0,0,0,0,0,0,0,0,0,0,0,0,0,0,0,0,1,0,0,0,0,0,0,0,0,0,0,0,0,1,0,0,0,0,0,0,0,0,0,1,0,0,0,0,0,0,0,0,0,0,0,0,1,0,0,0,0,0,0,0,0,0,1,1,0,1,0,0,1,0,1,0,1,0,0,1,0,0,1,1,1,0,0,0,0,1,1,0,0,0,0,1,0,0,0,1,0,0,0,0,0,0,1,0,0,0
zh,1,0,0,0,0,0,1,0,1,0,1,0,0,0,0,0,0,1,0,0,1,1,1,0,1,0,1,0,0,0,1,0,1,0,0,0,0,1,0,0,0,0,1,1,0,0,0,1,0,0,1,0,0,1,0,1,0,1,0,1,1,0,0,0,0,0,1,1,0,1,0,0,0,1,1,0,0,1,0,1,0,1,0,0,1,0,0,0,1,0,1,0,0,1,0,1,0,0,1,1,1,1,0,1,0,1,0,0,0,0,0,0,1,1,0,0,1,1,1,1,0,0,0,0,1,1,1,1,1,0,1,1,0,0,0,0,0,1,0,0,0,0,0,1,1,1,1,1,0,0,1,1,1,1,1,0,0,0,0,0,0,1,1,0,0,0,0,1,1,1,1,1,1,1,0,0,0,1,0,0,0,0,0,1,0,0,0,0,0,1,1,0,0,0,0,0,0,0,0,0,1,1,0,0,0,0,0,0,0,0,0,0,0,0,0,0,0,0,0,0,0,0,0,0,0,1,1,0,0,0,0,0,0,0,0,0,0,1,0,0,1,0,0,0,0,0,0,1,1,0,0,1,0,1,0,1,0,0,1,1,1,1,1,1,1,0,1,1,1,1,1,1,0,0,0,0,0,0,0,1,1,0,0,0,1,1,0,1,0
fro,1,1,1,0,1,0,1,1,1,1,1,0,1,1,0,1,0,1,0,0,1,0,1,1,1,1,1,0,0,0,1,0,0,1,0,1,0,1,0,0,0,0,1,1,0,0,0,1,0,0,1,0,0,1,0,1,0,0,0,1,0,0,0,0,0,1,0,0,1,1,1,0,0,1,1,0,0,0,0,0,0,1,1,0,0,1,0,0,1,1,1,0,1,0,0,0,0,1,1,0,0,1,0,1,1,1,0,0,0,0,0,0,1,1,0,0,1,1,1,1,0,0,0,0,1,0,0,0,1,0,0,1,1,0,0,0,0,1,0,0,0,0,1,1,0,1,1,1,0,0,1,1,1,0,1,0,0,0,0,0,1,1,1,0,0,0,0,1,1,1,0,0,0,0,0,0,0,1,0,0,0,0,0,1,0,0,0,0,0,0,1,0,0,0,0,0,0,0,0,0,0,0,0,0,0,0,0,0,0,0,0,0,1,0,0,0,0,0,0,0,0,0,1,0,0,0,1,0,0,0,0,0,0,0,0,0,0,0,0,1,0,0,0,0,0,0,0,0,1,0,0,1,0,1,0,1,0,0,1,0,0,1,1,1,0,0,1,0,1,1,0,0,1,0,1,0,0,0,0,0,0,0,0,1,1,1,1,0,0
ja,0,1,0,0,0,0,1,0,0,1,1,0,0,0,0,0,0,1,0,0,0,1,1,0,1,0,1,0,0,0,1,0,1,0,0,1,0,0,0,0,0,0,0,0,0,0,0,0,0,0,1,0,0,1,0,1,0,1,0,1,1,0,0,0,1,1,1,1,0,0,1,0,0,1,1,0,0,1,0,1,0,0,1,0,1,0,0,1,0,0,0,1,0,0,0,1,0,0,1,1,0,1,0,1,1,1,0,0,0,1,0,1,0,0,0,0,0,1,1,1,0,0,0,0,1,1,0,0,0,0,0,1,1,0,0,0,0,1,0,0,0,0,0,0,1,1,1,1,0,0,0,1,1,0,1,0,0,0,0,0,0,1,1,0,0,0,0,0,0,1,0,0,0,0,0,0,0,1,0,0,0,0,0,1,0,0,0,0,0,0,1,0,0,0,0,0,0,0,0,0,0,0,0,0,0,0,0,0,0,1,0,0,0,0,0,0,0,0,0,0,0,0,1,0,0,0,0,0,0,0,0,0,0,0,0,0,0,0,0,0,1,0,0,0,0,0,0,0,1,0,0,1,0,0,0,1,0,0,1,0,0,1,1,1,0,0,1,0,1,0,0,0,0,0,0,0,0,0,0,0,0,0,0,0,1,1,1,0,0
tr,0,1,0,0,0,0,1,0,0,1,1,0,0,0,0,0,0,1,0,1,0,1,1,0,1,0,1,0,0,0,1,0,1,0,0,1,0,0,0,0,1,0,0,0,0,0,0,0,0,0,1,0,0,1,1,1,0,0,0,1,1,0,1,0,0,1,0,1,1,1,1,1,0,1,1,0,0,0,0,1,0,0,1,0,0,1,0,1,0,0,1,0,1,0,0,0,0,1,1,0,0,1,0,1,1,1,0,0,0,0,0,0,1,1,0,0,1,1,1,1,0,0,0,0,1,0,0,0,1,0,0,1,1,0,0,1,0,1,0,0,0,0,0,1,1,0,1,1,0,0,1,1,1,0,1,0,0,0,0,0,0,1,1,0,0,0,0,0,1,0,0,0,0,0,0,0,0,0,1,0,0,0,0,0,0,0,0,0,0,0,1,0,0,1,0,0,0,0,0,1,0,0,0,0,1,0,0,0,0,1,0,0,0,0,0,0,0,0,0,0,0,0,0,0,0,0,1,0,0,0,0,1,0,0,0,1,1,0,0,1,1,0,0,0,0,0,0,0,1,0,0,0,0,1,0,1,0,0,1,0,0,1,1,0,0,0,1,1,1,1,0,0,0,1,1,0,0,0,0,0,0,0,0,0,1,1,1,0,0
hi,0,1,0,0,0,0,1,0,0,1,1,0,1,1,0,0,0,0,0,0,0,1,1,0,1,0,1,0,0,0,1,0,0,1,0,0,0,1,0,0,0,0,1,0,1,0,0,1,0,0,1,0,1,1,0,1,0,0,0,1,1,0,1,0,0,1,1,0,0,1,1,1,0,1,1,0,1,0,0,1,0,1,0,0,0,1,0,0,1,1,1,0,0,0,0,1,0,0,1,1,0,1,0,1,1,1,0,0,0,0,0,0,1,1,0,1,0,1,1,1,0,0,0,0,1,0,0,0,1,0,1,1,1,0,0,0,0,1,0,0,0,0,1,1,0,1,1,1,0,0,1,1,1,0,1,0,0,0,1,0,1,1,1,0,0,0,0,1,0,0,0,0,1,0,0,0,0,0,0,0,1,0,0,1,0,1,0,0,0,0,1,1,0,0,0,0,0,0,0,0,0,1,0,0,1,0,0,0,0,0,0,0,0,0,0,0,0,0,0,0,0,1,0,0,1,0,1,0,1,0,0,1,0,0,0,0,0,0,0,1,1,0,0,0,0,0,0,1,1,0,0,1,0,1,0,1,1,0,1,1,1,1,1,0,1,0,1,0,1,1,1,1,0,0,1,1,0,0,0,0,0,0,0,1,1,1,1,0,0
ar,1,0,1,0,0,0,1,1,1,0,1,0,1,1,1,0,1,1,0,1,1,0,0,1,0,1,1,1,0,0,1,1,0,1,0,0,0,1,0,0,0,1,1,1,0,0,0,1,0,0,1,0,0,0,0,0,0,0,1,1,1,0,1,1,0,0,1,0,1,1,1,1,0,0,1,1,1,0,0,1,0,1,0,0,0,1,0,1,1,1,1,0,1,0,0,0,0,1,1,0,0,1,0,1,1,1,0,0,0,1,1,1,1,1,0,0,0,1,1,1,0,0,0,1,1,0,0,0,1,1,0,1,1,0,0,0,0,1,0,0,0,0,1,1,1,1,1,1,0,0,1,1,1,0,0,0,0,0,1,0,1,1,1,0,0,0,0,1,1,1,0,0,1,0,0,0,1,0,0,0,0,0,0,0,0,0,0,0,0,0,0,0,0,0,0,0,0,0,0,0,0,0,0,0,1,0,0,0,0,0,0,0,0,0,0,0,0,0,0,0,0,0,0,0,1,0,1,0,0,0,0,1,0,0,0,0,0,0,0,0,1,1,0,0,0,0,0,1,1,0,0,1,0,1,0,1,0,0,1,0,0,1,1,1,1,1,1,0,1,1,1,0,0,0,1,1,0,0,0,0,0,1,0,0,0,1,1,0,0
ca,1,0,0,0,0,0,1,1,1,0,1,0,1,1,0,1,0,1,0,0,1,0,0,1,1,1,1,0,0,0,1,0,0,1,0,1,0,1,0,1,0,0,1,1,0,0,0,1,0,0,1,0,0,1,0,1,0,0,0,1,0,0,0,0,0,0,0,0,1,1,1,0,0,1,1,1,0,0,0,0,0,1,0,0,0,1,0,0,1,1,1,0,1,0,0,0,0,1,1,0,0,1,0,1,1,1,0,0,0,0,0,0,1,1,0,0,0,1,1,1,0,0,0,0,1,0,0,0,1,0,0,1,1,0,0,0,0,1,0,0,0,0,1,1,0,1,1,1,0,0,1,1,1,0,1,0,0,0,0,0,1,1,1,0,0,0,0,1,0,1,0,0,0,0,0,0,0,1,0,0,0,0,0,1,0,0,0,0,0,1,1,0,0,0,0,0,0,0,0,0,0,0,0,0,0,0,0,0,0,0,0,0,1,0,0,0,0,0,0,0,0,0,1,0,0,0,1,0,0,0,0,0,0,0,0,1,0,0,0,1,0,0,0,0,0,0,0,0,1,0,0,1,0,1,0,1,0,0,1,0,0,1,1,1,0,0,1,0,1,1,0,0,1,1,1,0,0,0,0,0,0,1,0,0,1,1,1,0,0
hr,1,0,0,0,0,0,1,0,1,0,1,0,1,1,0,0,0,0,0,0,1,0,1,1,1,0,1,0,0,0,1,0,0,1,0,1,0,1,0,0,0,0,1,1,0,0,0,1,0,0,1,0,0,1,0,1,0,1,0,1,0,0,1,0,0,1,0,0,0,1,1,0,0,1,1,0,1,0,0,1,0,1,0,0,0,1,0,0,1,1,1,0,1,0,0,0,0,1,1,0,0,1,0,1,1,1,0,0,0,0,0,0,1,1,0,0,0,1,1,1,0,0,0,0,1,0,0,0,1,0,0,1,1,0,0,0,0,1,0,0,0,0,1,1,0,1,1,1,0,0,1,1,1,0,1,0,0,0,0,0,1,1,1,0,0,0,0,1,0,0,1,0,0,0,0,0,0,0,0,0,0,0,0,0,0,0,0,0,0,0,0,0,0,0,0,0,0,0,0,0,0,0,0,0,0,0,0,0,0,0,0,0,1,0,0,0,0,0,0,0,0,0,0,0,0,0,1,0,0,0,0,0,1,0,0,1,0,0,0,1,0,0,0,0,0,0,0,0,1,0,0,1,0,1,0,1,0,0,1,0,0,1,1,0,0,0,1,0,1,1,0,0,0,0,1,0,0,0,0,0,0,0,0,1,0,1,1,0,0
el,1,0,1,0,0,0,1,1,1,0,1,0,1,1,0,1,0,1,0,0,1,0,0,1,1,1,1,0,0,0,1,0,0,1,0,1,0,1,0,0,0,0,1,1,0,0,0,1,0,0,1,0,1,1,1,1,1,1,0,1,0,0,1,0,0,1,0,0,1,1,1,0,0,1,1,0,1,0,0,1,0,1,0,0,0,1,0,0,1,1,1,0,1,0,0,0,0,1,1,0,0,1,0,1,1,1,0,0,0,0,0,0,1,1,0,0,0,1,1,1,0,0,1,0,1,0,0,0,0,0,0,0,1,0,0,0,0,1,0,0,0,0,0,1,0,1,1,1,0,0,1,1,1,0,1,0,0,0,0,0,0,1,1,0,0,0,0,1,1,0,1,0,0,0,1,0,0,0,0,0,1,0,0,1,0,0,0,0,0,0,1,0,0,0,0,0,0,0,0,1,0,0,0,0,0,0,0,0,0,0,0,0,0,0,0,0,0,0,0,0,0,0,1,0,0,0,0,0,0,0,0,0,0,0,0,0,0,0,0,0,0,0,0,0,0,0,1,0,1,0,0,1,0,1,0,1,0,0,1,0,0,1,1,0,0,0,0,0,1,1,0,0,0,0,0,0,0,0,1,0,0,0,0,0,0,1,1,0,0
hu,1,1,0,0,0,0,1,0,1,1,1,0,0,0,0,1,0,1,0,1,0,1,1,0,1,0,1,0,0,0,1,0,1,1,0,1,0,1,0,0,0,0,1,1,0,0,0,1,0,0,1,0,0,1,1,0,0,0,0,1,1,0,1,0,0,1,1,1,1,0,1,0,0,1,1,0,0,0,0,1,0,1,0,0,0,1,0,0,1,0,1,1,1,0,0,0,0,1,1,0,0,1,0,1,1,1,0,0,0,0,0,0,1,1,0,0,1,1,1,1,0,0,0,0,1,0,0,0,0,0,0,1,1,0,0,0,0,1,0,0,0,0,1,1,1,1,1,1,0,0,1,1,1,0,1,0,0,0,0,0,1,1,1,0,0,0,0,1,1,1,0,1,0,0,0,1,0,0,0,0,0,1,0,0,0,0,0,0,0,0,1,0,0,0,0,0,0,0,0,0,0,0,0,0,0,0,0,0,0,0,0,0,1,0,0,0,0,0,0,0,0,0,0,0,0,0,1,0,0,0,0,0,0,0,0,0,0,0,0,1,0,0,0,0,0,0,0,0,1,0,0,1,0,1,0,1,0,0,1,0,0,1,1,1,0,0,1,1,1,0,0,0,0,1,1,1,0,0,0,0,0,0,0,1,0,1,1,0,0
la,1,1,1,1,1,1,1,1,1,1,1,0,1,1,0,1,0,1,0,0,1,1,1,1,1,1,1,1,0,0,1,1,0,1,0,1,0,1,0,0,0,0,1,1,0,0,0,1,0,0,1,0,0,1,0,1,0,0,0,1,0,0,0,0,0,1,0,0,1,1,1,0,0,1,1,1,0,0,0,0,0,1,0,0,0,1,0,0,1,1,1,0,1,0,0,0,0,1,1,0,0,1,0,1,1,1,0,0,0,0,0,0,1,1,0,0,0,1,1,1,0,0,0,0,1,0,0,0,1,0,0,1,1,0,0,0,0,1,0,0,0,0,1,1,0,1,1,1,0,0,1,1,1,0,1,0,0,0,0,0,1,1,1,0,0,0,0,1,1,1,0,0,0,0,0,0,0,1,0,0,0,0,0,1,0,0,0,0,0,0,1,0,0,0,0,0,0,0,0,0,0,0,0,0,0,0,0,0,0,0,0,0,1,0,0,0,0,0,0,0,0,0,0,0,0,0,1,0,0,0,0,0,0,0,0,0,0,0,0,1,0,0,0,0,0,0,0,0,1,0,0,1,0,1,0,1,0,0,1,0,0,1,1,1,0,0,1,0,1,0,0,0,1,1,1,0,0,0,0,0,0,0,0,0,1,1,1,0,0
fr,1,0,0,0,0,0,1,0,1,0,1,0,1,1,0,1,0,1,0,0,1,0,0,1,1,1,1,0,0,0,1,0,0,1,0,0,0,1,0,1,0,0,1,1,0,0,0,0,1,0,1,0,0,0,0,1,0,0,0,1,0,0,0,1,0,1,0,0,1,1,1,1,0,1,1,0,1,0,0,1,0,1,0,0,1,0,0,0,1,1,1,0,1,0,0,0,0,1,1,0,0,1,0,1,1,1,0,0,0,1,0,1,1,1,0,1,1,1,1,1,0,0,0,0,1,0,0,0,0,0,0,1,1,0,0,0,0,1,0,0,0,0,1,1,0,1,1,1,0,0,1,1,1,0,1,0,0,0,0,0,1,1,1,0,0,0,0,1,1,1,0,1,1,0,0,1,0,1,1,0,0,1,0,1,0,0,0,0,0,0,1,0,0,0,0,0,0,0,0,0,1,0,0,0,0,0,0,0,0,0,0,0,1,0,0,0,0,0,0,0,0,0,0,1,0,0,1,0,0,0,0,0,0,0,0,0,0,0,0,1,0,0,0,0,0,0,0,0,1,0,0,1,0,1,0,1,0,0,1,0,0,1,1,1,1,0,1,1,1,0,1,1,1,1,1,1,0,0,0,0,0,0,0,1,1,1,1,0,0
fi,1,0,0,0,0,0,1,0,1,0,1,0,0,0,0,0,0,0,0,1,0,1,1,0,1,0,1,0,0,0,1,0,0,1,0,1,0,1,0,0,0,0,1,1,0,0,0,1,0,0,1,0,0,1,1,1,0,0,0,1,0,0,1,0,0,1,1,0,1,0,1,0,0,1,1,0,0,0,1,1,0,1,0,0,0,1,0,0,1,1,1,0,1,0,0,0,0,1,1,0,0,1,0,1,1,1,0,0,0,0,0,0,1,1,0,0,1,1,1,1,0,0,0,0,1,0,1,0,1,0,0,1,1,0,0,0,0,0,0,0,0,0,1,1,1,1,1,1,0,0,1,1,1,0,1,0,0,0,0,0,1,1,1,0,0,0,0,1,1,0,0,1,1,0,0,1,0,1,0,0,0,0,0,0,0,0,0,0,0,0,1,0,0,0,0,0,0,0,0,0,0,0,0,0,0,0,0,0,0,0,0,0,0,0,0,0,0,0,0,0,0,0,0,0,0,0,1,0,0,0,0,0,0,0,0,0,0,0,0,0,0,0,0,0,0,0,0,0,1,0,0,1,0,1,0,1,0,0,1,0,0,1,1,0,0,0,1,1,1,0,0,0,0,1,1,0,0,0,0,0,0,0,0,0,1,1,1,0,0
eu,0,1,0,0,0,0,1,0,0,1,1,0,1,0,0,1,0,1,0,0,0,1,1,1,0,1,1,1,0,0,1,1,0,1,0,1,0,1,0,0,0,0,1,0,1,0,0,1,0,0,1,0,1,1,0,1,0,0,1,1,1,0,0,0,1,1,1,0,1,1,1,1,0,1,1,0,0,0,0,1,0,1,1,0,0,1,0,0,1,0,1,0,1,0,0,0,0,1,1,0,0,0,1,1,1,0,0,0,0,0,0,0,1,1,0,0,0,1,1,1,0,0,0,0,1,0,0,0,0,0,0,1,1,0,0,1,0,0,0,0,0,0,1,1,0,0,0,1,0,0,1,1,1,0,1,0,0,0,0,0,1,1,1,0,0,0,0,1,0,0,0,0,0,0,0,0,0,0,0,0,0,0,0,0,0,0,0,0,0,0,0,0,0,1,0,0,0,0,0,0,0,0,0,0,1,0,0,0,0,0,0,0,1,0,0,0,0,0,0,0,0,0,0,0,0,1,1,0,0,0,0,0,0,0,0,1,0,0,0,0,0,0,0,0,0,0,0,1,1,0,0,1,0,1,0,1,0,0,1,1,1,1,1,0,1,0,1,0,1,1,1,0,0,0,0,0,0,0,1,0,0,0,0,0,0,1,1,0,0
ko,0,1,0,0,0,0,1,0,0,1,1,0,0,0,0,0,0,0,0,0,0,1,1,0,1,0,1,0,0,0,1,0,1,0,0,1,0,1,0,0,0,0,1,0,1,0,0,1,0,0,1,0,0,1,0,1,0,1,0,1,1,0,1,0,0,1,1,1,0,1,1,0,0,1,1,0,0,1,0,0,1,0,1,0,1,0,0,0,1,0,0,1,0,0,0,1,0,0,1,1,0,1,0,0,0,0,1,0,0,0,0,0,1,1,0,0,0,1,1,1,0,0,0,0,1,0,1,0,0,0,0,1,0,0,0,0,0,0,0,0,0,0,1,0,1,1,1,1,0,0,1,1,1,1,1,0,0,0,0,0,0,1,1,0,0,0,0,1,0,1,0,1,1,0,0,1,0,1,0,0,0,0,0,0,0,0,0,0,0,0,0,0,0,0,0,0,0,0,0,0,0,0,0,0,0,0,0,0,0,1,0,0,0,0,0,0,0,0,0,0,0,0,0,0,0,0,0,0,0,0,0,0,0,0,0,0,0,0,0,0,1,0,0,0,0,0,0,0,1,0,0,1,0,1,0,1,0,0,1,0,0,1,1,1,0,0,1,1,1,0,0,0,0,1,1,1,0,0,0,0,0,0,0,1,1,0,0,0,0
et,1,0,0,0,0,0,1,0,1,0,1,0,1,1,0,0,0,0,0,1,0,1,1,0,1,0,1,0,0,0,1,0,0,1,0,1,0,1,0,0,0,0,1,1,0,0,0,1,0,0,1,0,0,1,0,1,0,0,0,1,0,0,1,0,0,1,0,0,1,0,1,0,0,1,1,0,0,0,0,1,0,1,0,0,0,1,0,0,1,1,1,0,1,0,0,0,0,1,1,0,0,1,0,1,1,1,0,0,0,0,0,0,1,1,0,0,1,1,1,1,0,0,0,0,1,0,0,0,0,0,0,1,1,0,0,0,0,1,0,0,0,0,0,1,0,1,1,1,0,0,1,1,1,0,1,0,0,0,0,0,0,1,1,0,0,0,0,1,0,0,0,1,0,0,0,1,0,1,0,0,0,0,0,0,0,0,0,0,0,1,1,0,0,0,0,0,0,0,0,0,0,0,0,0,0,0,0,0,0,0,0,0,1,0,0,0,0,0,0,0,0,0,0,0,0,0,1,0,0,0,0,0,0,0,0,1,0,0,0,1,0,0,0,0,0,0,0,0,1,0,0,1,0,1,0,1,0,0,1,0,0,1,1,0,0,0,1,1,1,1,0,0,0,1,0,0,0,0,0,0,0,1,0,0,1,1,1,0,0
id,1,0,0,0,0,0,1,0,1,0,1,0,0,0,0,1,0,0,0,0,1,0,0,1,0,1,0,1,0,0,1,0,0,1,0,0,0,1,0,0,0,0,1,1,0,0,0,1,0,0,0,0,0,0,0,0,0,0,0,1,1,0,0,0,0,0,1,1,0,0,0,0,0,1,1,1,1,0,0,1,0,1,0,0,1,0,0,0,1,0,1,0,1,0,0,0,0,1,1,0,0,1,0,1,1,1,0,0,0,0,0,0,1,1,0,0,0,1,1,1,0,0,0,0,1,0,1,1,0,0,0,1,1,0,0,0,0,1,0,0,0,0,1,1,1,1,1,1,0,0,1,1,1,0,1,0,0,0,0,0,1,1,1,0,0,0,0,1,0,1,0,0,0,0,0,0,0,1,0,0,0,0,0,0,0,0,0,0,0,1,0,0,0,0,0,0,0,0,0,0,0,0,0,0,0,0,0,0,0,0,0,0,1,0,0,0,0,0,0,0,0,0,0,0,0,0,1,0,0,0,0,0,0,0,0,0,0,0,0,0,1,0,0,0,0,0,0,0,1,0,0,1,0,1,0,1,0,0,1,0,0,1,1,1,0,0,1,0,1,1,0,0,0,0,1,0,0,0,0,1,0,0,0,0,1,1,1,0,0
fa,0,1,0,0,0,0,1,0,0,1,1,0,0,0,0,0,0,0,0,0,1,0,0,1,0,1,1,0,0,0,1,0,0,1,0,1,0,0,1,0,0,0,0,0,0,0,0,0,0,0,1,0,1,1,1,0,0,0,0,1,1,0,0,0,0,0,0,1,1,1,1,0,0,1,1,0,1,0,0,1,0,1,0,0,0,1,0,1,0,1,1,0,1,0,0,0,0,1,1,0,0,0,1,1,1,1,0,0,0,1,1,0,1,1,0,0,0,1,1,1,0,0,0,0,1,0,0,0,1,0,0,1,1,0,0,0,0,1,0,0,0,0,1,1,1,1,1,1,0,0,1,1,1,0,1,0,0,0,0,0,1,1,1,0,0,0,0,1,1,1,0,0,0,0,0,0,0,0,0,0,1,0,0,0,0,0,0,0,0,0,0,0,0,0,0,0,0,0,1,0,0,0,0,0,0,0,0,0,0,0,0,0,0,0,0,0,0,0,0,0,0,0,0,0,0,0,1,0,0,0,0,0,0,0,0,0,0,0,0,1,1,0,0,0,0,0,0,1,1,0,0,1,0,1,0,1,0,0,1,0,0,1,1,1,1,0,1,0,1,1,1,0,0,0,1,0,0,0,0,1,0,0,0,0,1,1,0,0,0
uk,1,0,0,0,0,0,1,0,1,0,1,0,1,1,0,0,0,0,0,0,1,0,1,1,1,0,1,0,0,0,1,0,0,1,0,1,0,1,0,0,0,0,1,1,0,0,0,1,0,0,1,0,0,1,0,1,0,1,0,1,0,0,1,0,0,1,0,0,1,1,1,0,0,1,1,0,1,0,0,1,0,1,0,0,1,0,0,0,1,1,1,0,1,0,0,0,0,1,1,0,0,1,0,1,1,1,0,0,0,0,0,0,1,1,0,0,0,1,1,1,0,0,0,0,1,0,0,0,1,0,0,1,1,0,0,0,0,1,0,0,0,0,0,1,1,1,1,1,0,0,1,1,1,0,1,0,0,0,0,0,1,1,1,0,0,0,0,1,1,1,1,0,0,0,0,0,0,0,0,0,0,0,0,1,0,0,0,0,0,0,1,0,0,0,0,0,0,0,0,0,0,0,0,0,1,0,0,0,0,0,0,0,0,0,0,0,0,0,0,0,0,0,0,0,0,0,1,0,0,0,0,0,0,0,0,0,0,0,0,1,0,0,0,0,0,0,0,0,1,0,0,1,0,1,0,0,0,0,1,0,0,1,1,1,0,0,1,0,1,0,0,0,1,0,1,0,0,0,0,1,0,0,0,0,0,1,1,0,0
got,1,1,1,0,0,0,1,0,1,1,1,0,1,1,0,0,0,1,0,0,1,0,0,1,1,1,1,1,0,0,1,1,0,1,0,1,0,1,0,0,0,0,1,1,0,0,0,1,0,0,1,0,0,1,0,1,0,1,0,1,0,0,1,0,0,1,0,0,0,0,1,0,0,1,1,1,0,0,0,0,0,1,0,0,1,0,0,0,1,1,1,0,1,0,0,0,0,1,1,0,0,1,0,1,1,1,0,0,0,0,0,0,1,1,0,0,1,1,1,1,0,0,0,0,1,0,0,0,1,0,0,1,1,0,0,0,0,1,0,0,0,0,1,1,1,1,1,1,0,0,1,1,1,0,1,0,0,0,0,0,0,1,1,0,0,0,0,1,1,0,1,1,0,0,0,1,0,1,1,0,0,0,0,1,0,0,0,0,0,1,1,0,0,0,0,0,0,0,0,0,0,0,0,0,1,0,0,0,0,0,0,0,0,0,0,0,0,0,0,0,0,0,0,0,0,0,1,0,0,0,0,1,0,0,0,0,1,0,0,1,1,0,0,0,0,0,0,0,1,0,0,1,0,1,0,1,0,0,1,0,0,1,1,0,0,0,1,1,1,1,0,0,1,1,1,0,0,0,0,0,0,0,0,1,1,1,1,0,0
pl,1,0,0,0,0,0,1,1,1,0,1,0,1,1,0,0,0,0,0,0,1,0,0,1,1,0,1,0,0,0,1,0,0,1,0,1,0,1,0,0,0,0,1,1,0,0,0,1,0,0,1,0,0,1,0,1,0,1,0,1,0,0,1,0,0,1,1,0,1,1,1,0,0,1,1,0,1,0,0,1,0,1,0,0,0,0,1,0,1,1,1,0,1,0,0,0,0,1,1,0,0,1,0,1,1,1,0,0,0,0,0,0,1,1,0,0,0,1,1,1,0,0,0,0,1,0,0,0,1,0,0,1,1,0,0,1,0,1,0,0,0,0,1,1,0,1,1,1,0,0,1,1,1,0,1,0,0,0,0,0,1,1,1,0,0,0,0,1,1,1,1,0,0,0,0,0,0,1,0,0,0,0,0,0,1,0,0,0,0,0,0,0,0,1,0,0,0,0,0,0,0,0,0,1,0,0,0,0,0,0,0,0,1,0,0,0,0,0,0,0,0,0,0,0,0,0,0,0,0,0,0,0,0,0,0,0,0,0,1,0,0,0,0,0,0,0,0,0,1,0,0,1,0,1,0,0,0,1,1,0,0,1,1,1,0,0,0,0,1,1,0,0,0,0,1,0,0,0,0,1,0,0,0,0,1,1,1,0,0
ug,0,1,0,0,0,0,1,0,0,1,1,0,0,0,0,0,0,1,0,1,0,1,1,0,1,0,1,0,0,0,1,0,1,0,0,0,1,0,0,0,1,0,0,0,0,0,0,0,0,0,1,0,0,1,0,1,0,1,0,1,1,0,1,0,0,1,1,0,1,1,1,0,0,1,1,0,0,0,0,1,0,1,0,0,1,0,0,1,0,0,1,1,0,0,0,1,0,0,1,1,0,1,0,1,1,1,0,0,0,0,0,0,1,1,0,0,1,1,1,1,0,0,0,0,0,0,1,0,1,1,0,1,1,0,0,0,0,1,0,0,0,0,0,1,1,0,1,1,0,0,1,1,1,0,1,0,0,0,1,0,0,1,1,0,0,0,0,0,1,0,1,0,0,0,0,1,0,1,0,0,1,0,0,0,0,0,0,0,0,0,1,0,0,0,0,0,0,0,0,0,0,0,0,0,1,0,0,0,0,0,0,0,0,0,0,0,0,0,0,0,0,0,0,0,0,0,1,0,0,0,0,1,0,0,0,0,0,0,0,1,0,0,0,0,0,0,0,0,1,0,0,1,0,1,0,1,0,0,1,0,0,1,1,0,1,0,1,1,1,1,1,0,0,1,1,1,0,0,0,0,0,0,0,0,1,1,1,0,0
vi,1,0,0,0,0,0,1,0,1,0,1,0,0,0,0,1,0,0,0,0,1,0,0,1,0,1,0,1,0,0,1,0,0,1,0,0,0,1,0,0,0,0,1,1,0,0,0,1,0,0,0,1,0,0,0,0,0,0,0,0,1,0,0,0,0,0,1,1,0,0,0,0,0,0,0,1,0,1,0,1,0,1,0,0,1,0,0,0,1,0,1,0,1,0,0,0,0,1,1,0,0,1,0,1,0,1,0,1,0,0,0,0,1,1,0,0,0,1,1,1,0,0,0,0,1,1,1,1,0,0,0,1,0,0,0,1,0,1,0,0,0,0,1,1,1,0,1,1,0,0,1,1,1,1,1,0,0,0,0,0,0,1,1,0,0,0,0,0,1,1,1,0,0,0,0,0,0,1,0,1,0,0,1,1,0,0,0,1,0,0,1,0,0,0,0,0,0,0,0,1,0,0,0,0,1,0,0,0,0,1,0,0,1,0,0,0,0,0,0,0,0,0,0,0,0,0,0,0,0,0,0,1,0,1,0,0,0,0,0,0,1,0,0,0,0,0,0,0,1,0,0,1,0,0,0,1,0,0,1,0,0,1,1,1,0,0,1,0,1,0,0,0,1,1,1,1,0,0,0,0,0,0,0,1,1,1,0,0,0
da,1,0,0,0,0,0,1,0,1,0,1,0,1,1,1,0,0,1,0,0,1,0,1,0,1,0,1,0,0,0,1,0,0,1,0,1,0,1,0,1,0,0,1,1,0,0,0,0,0,0,1,0,0,1,0,1,0,1,0,1,0,0,1,0,0,1,0,0,0,0,1,0,0,1,1,0,0,0,0,0,0,1,0,0,1,0,0,0,1,1,1,0,1,0,0,0,0,1,1,0,0,1,0,1,1,1,0,0,0,0,0,0,1,1,0,0,1,1,1,1,0,0,0,0,1,0,0,0,1,0,0,1,1,0,0,0,0,0,0,0,0,0,1,1,1,1,1,1,0,0,1,1,1,0,1,0,0,0,0,0,0,1,1,0,0,0,0,1,1,0,1,1,0,0,0,1,0,1,1,0,0,0,0,1,0,0,0,0,0,1,1,0,0,0,0,0,0,0,0,0,0,0,0,0,1,0,0,0,0,0,0,0,0,0,0,0,0,0,0,0,0,0,0,0,0,0,1,0,0,0,0,1,0,0,0,0,1,0,0,0,0,0,0,0,0,0,0,0,1,0,0,1,0,1,0,1,0,0,1,0,0,1,1,0,0,0,1,1,1,1,0,0,1,1,1,0,0,0,0,0,0,0,0,1,1,1,1,0,0
ru,1,0,0,0,0,0,1,0,1,0,1,0,1,1,0,0,0,0,0,0,1,0,0,1,1,0,1,0,0,0,1,0,0,1,0,1,0,1,0,0,0,0,1,1,0,0,0,1,0,0,1,0,0,1,0,1,0,1,0,1,0,0,1,0,0,1,1,0,1,1,1,0,0,1,1,0,0,0,1,1,0,1,0,0,1,0,0,0,1,1,1,0,1,0,0,0,0,1,1,0,0,1,1,1,1,1,0,0,0,0,0,0,1,1,0,0,0,1,1,1,0,0,0,0,1,0,0,0,1,0,0,1,1,0,0,0,0,1,0,0,0,0,0,1,0,1,1,1,0,0,1,1,1,0,1,0,0,0,0,0,1,1,1,0,0,0,0,1,1,0,1,0,0,0,0,0,0,0,0,0,0,0,0,1,0,0,0,0,0,0,1,0,0,0,0,0,0,0,0,0,0,0,0,0,0,0,0,0,0,0,0,0,0,0,0,0,0,0,0,0,0,0,0,0,0,0,1,0,0,0,0,0,0,0,0,0,0,0,0,1,0,0,0,0,0,0,0,0,1,1,0,1,1,1,0,1,0,0,1,0,0,1,1,0,0,0,0,0,1,0,0,0,0,0,0,0,0,0,1,0,0,0,0,0,0,1,1,0,0
gl,1,0,1,1,1,0,1,1,1,0,1,0,1,1,0,1,0,1,0,0,1,0,0,1,1,1,1,0,0,0,1,0,0,1,0,1,0,1,0,0,0,0,1,1,0,0,0,1,0,0,1,0,0,1,0,1,0,0,0,1,0,0,0,0,0,1,0,0,1,1,1,0,0,1,1,0,0,0,0,0,0,1,0,0,0,1,0,0,1,1,1,0,1,0,0,0,0,1,1,0,0,1,0,1,1,1,0,0,0,0,0,0,1,1,0,0,0,1,1,1,0,0,0,0,1,0,0,0,0,0,0,1,0,0,0,0,0,0,0,0,0,0,1,1,0,1,1,1,0,0,1,1,1,0,1,0,0,0,0,0,1,1,1,0,0,0,0,1,0,1,0,0,0,0,1,0,0,1,0,0,0,0,0,1,0,0,0,0,0,0,1,0,0,1,0,0,0,0,0,0,0,0,0,0,0,0,0,0,0,0,1,0,1,0,0,0,0,0,0,0,0,0,1,0,0,0,1,0,0,0,0,0,0,0,0,0,0,0,0,0,0,0,0,0,0,1,1,0,1,0,0,1,0,1,0,1,0,0,1,0,0,1,1,1,0,0,1,0,1,1,0,0,1,0,1,0,0,0,0,0,1,0,0,0,1,1,0,0,0
it,1,0,0,0,0,0,1,1,1,0,1,0,1,1,0,1,0,1,0,0,1,0,0,1,1,1,1,0,0,0,1,0,0,1,0,1,0,1,0,0,0,0,1,1,0,0,0,1,0,0,1,0,0,1,0,1,0,0,0,1,0,0,0,0,0,0,0,0,1,1,1,0,0,1,1,1,0,0,0,0,0,1,0,0,0,1,0,0,1,1,1,0,1,0,0,0,0,1,1,0,0,1,0,1,1,1,0,0,0,0,0,0,1,1,0,0,0,1,1,1,0,0,0,0,1,0,0,0,1,0,0,0,1,0,0,0,0,1,0,0,0,0,1,1,0,1,1,1,0,0,1,1,1,0,1,0,0,0,0,0,1,1,1,0,0,0,0,1,1,1,0,0,0,0,0,0,0,0,0,1,0,0,0,1,0,0,0,0,0,0,1,0,0,0,0,0,0,0,0,0,0,0,0,0,0,0,0,0,0,0,0,0,1,0,0,0,0,0,0,0,0,0,0,0,0,0,1,0,0,0,0,0,0,0,0,1,0,0,0,0,0,0,0,0,0,0,0,0,1,0,0,1,0,0,0,1,0,0,1,0,0,1,1,1,0,0,1,0,1,0,0,0,1,1,1,0,0,0,0,0,1,0,0,0,0,1,1,0,0
cu,1,0,0,0,0,0,1,0,1,0,1,0,1,1,0,0,0,0,0,0,1,0,1,1,1,0,1,0,0,0,1,0,0,1,0,1,0,1,0,0,0,0,1,1,0,0,0,1,0,0,1,0,0,1,0,1,0,1,0,1,0,0,1,0,0,1,0,0,1,1,1,0,0,1,1,0,0,0,0,1,0,1,0,0,0,1,0,0,1,1,1,0,1,0,0,0,0,1,1,0,0,1,0,1,1,1,0,0,0,0,0,0,1,1,0,0,0,1,1,1,0,0,0,0,1,0,0,0,1,0,0,1,1,0,0,0,0,1,0,0,0,0,1,1,0,1,1,1,0,0,1,1,1,0,1,0,0,0,0,0,1,1,1,0,0,0,0,1,1,0,1,0,0,0,0,0,0,0,0,0,0,0,0,1,0,0,0,0,0,0,1,0,0,0,0,0,0,0,0,0,0,0,0,0,0,0,0,0,0,0,0,0,0,0,0,0,0,0,0,0,0,0,0,0,0,0,1,0,0,0,0,0,0,0,0,0,0,0,0,1,0,0,0,0,0,0,0,0,1,0,0,1,0,1,0,1,0,0,1,0,0,1,1,0,0,0,1,0,1,1,0,0,0,0,1,0,0,0,0,0,0,0,0,1,0,1,1,0,0
cs,1,0,0,0,0,0,1,0,1,0,1,0,1,1,0,0,0,0,0,0,1,0,1,1,1,0,1,0,0,0,1,0,0,1,0,1,0,0,1,0,0,0,0,0,0,0,0,0,0,0,1,0,0,1,0,1,0,1,0,1,0,0,1,0,0,1,0,0,1,1,1,0,0,1,1,0,0,0,0,0,0,1,0,0,0,1,0,1,0,1,1,0,1,0,0,0,0,1,1,0,0,1,0,1,1,1,0,0,0,0,0,0,1,1,0,0,0,1,1,1,0,0,0,0,1,0,0,0,1,0,0,1,1,0,0,1,0,1,0,0,0,0,0,1,0,1,1,1,0,0,1,1,1,0,1,0,0,0,0,0,1,1,1,0,0,0,0,1,1,0,1,0,0,0,0,0,0,0,0,0,0,0,0,0,0,0,0,0,0,0,1,0,0,1,0,0,0,0,0,0,0,1,0,0,1,0,0,0,0,0,0,0,1,0,0,0,0,0,0,0,0,0,0,0,0,0,1,0,0,0,0,0,0,0,0,0,0,0,0,1,0,0,0,0,0,0,0,0,1,0,0,1,0,0,0,1,0,0,1,0,0,1,1,0,0,0,1,0,1,0,0,0,0,0,1,0,0,0,0,0,0,0,0,1,0,1,1,0,0
he,1,0,0,0,0,0,1,0,1,0,1,0,1,1,1,0,0,1,0,1,1,0,0,1,0,1,1,1,0,0,1,1,0,1,0,1,0,1,0,0,0,0,1,1,0,0,0,1,0,0,1,0,0,1,0,1,0,0,0,1,1,0,0,1,0,1,0,0,1,0,1,1,0,1,1,1,1,0,0,1,0,1,0,0,0,1,0,0,1,1,1,0,1,0,0,0,0,1,1,0,0,1,0,1,1,1,1,0,0,1,1,0,1,1,0,0,0,1,1,1,0,0,0,1,1,0,0,0,1,0,0,1,0,0,0,0,0,0,0,0,0,0,0,1,1,0,1,1,0,0,1,1,1,0,1,0,0,0,0,0,0,1,1,0,0,0,0,0,0,0,1,0,0,0,0,0,0,1,0,0,0,0,0,0,0,0,0,0,0,1,1,0,0,0,0,0,0,0,0,0,0,0,0,0,1,0,0,0,0,0,0,0,0,0,0,0,0,0,0,0,0,0,0,0,1,0,1,0,0,0,0,1,0,0,0,0,0,0,0,0,1,0,0,0,0,0,0,0,1,0,0,0,0,0,0,1,0,0,1,0,0,1,1,0,1,0,1,0,1,0,1,0,0,0,1,0,0,0,0,1,0,0,0,0,1,0,0,0,0
sr,1,0,0,0,0,0,1,0,1,0,1,0,1,1,0,0,0,0,0,0,1,0,1,1,1,1,1,0,0,0,1,0,0,1,0,1,0,1,0,0,0,0,1,1,0,0,0,1,0,0,1,0,0,1,0,1,0,1,0,1,0,0,1,0,0,1,0,0,1,1,1,0,0,1,1,0,0,0,0,1,0,1,0,0,0,1,0,0,1,1,1,0,1,0,0,0,0,1,1,0,0,0,1,1,1,1,0,0,0,0,0,0,1,1,0,0,0,1,1,1,0,0,0,0,1,0,0,0,1,0,0,1,1,0,0,0,0,1,0,0,0,0,1,1,0,1,1,1,0,0,1,1,1,0,1,0,0,0,0,0,1,1,1,0,0,0,0,1,1,0,1,0,0,0,0,0,0,0,0,0,0,0,0,0,0,0,0,0,0,0,0,0,0,0,0,0,0,0,0,0,0,0,0,0,0,0,0,0,0,0,0,0,1,0,0,0,0,0,0,0,0,0,0,0,0,0,1,0,0,0,0,0,0,0,0,0,0,0,0,1,0,0,0,0,0,0,0,0,1,0,0,1,0,1,0,1,0,0,1,0,0,1,1,0,0,0,1,0,1,1,0,0,0,0,1,0,0,0,0,0,0,0,0,1,0,1,1,0,0
en,1,0,0,0,0,0,1,0,1,0,1,0,1,1,0,1,0,1,0,0,1,0,1,1,1,0,1,0,0,0,1,0,0,1,0,0,0,1,0,1,0,0,1,1,0,0,0,1,0,0,1,0,0,1,0,1,0,1,0,1,0,0,0,0,0,0,0,0,0,0,1,0,0,1,1,1,0,0,0,0,0,1,0,0,1,0,0,0,1,0,1,0,1,0,0,0,0,1,1,0,0,1,0,1,1,1,0,0,0,0,0,0,1,1,0,0,0,1,1,1,0,0,1,0,1,0,1,0,0,0,0,1,1,0,0,0,0,1,0,0,0,0,1,1,1,1,1,1,0,0,1,1,1,0,1,0,0,0,0,0,0,1,1,0,0,0,0,1,1,1,1,0,1,0,1,0,0,1,0,1,0,1,0,1,0,0,0,0,0,1,0,0,0,0,0,0,0,0,0,0,0,0,0,0,1,0,0,0,0,0,0,0,0,0,0,0,0,0,0,0,1,0,0,0,0,0,1,0,0,0,0,1,0,0,1,0,0,0,0,1,1,0,0,0,0,0,1,0,1,0,0,1,0,1,0,1,1,0,1,1,0,1,1,1,0,0,1,0,1,1,0,0,1,1,1,1,0,0,0,0,0,0,0,1,1,1,0,1,0
sk,1,0,0,0,0,0,1,0,1,0,1,0,1,1,0,0,0,0,0,0,1,0,1,1,1,0,1,0,0,0,1,0,0,1,0,1,0,1,1,0,0,0,1,1,0,0,0,1,0,0,1,0,0,1,0,1,0,1,0,1,0,0,1,0,0,1,0,0,1,1,1,0,0,1,1,0,0,0,0,1,0,1,0,0,0,1,0,0,1,1,1,0,1,0,0,0,0,1,1,0,0,1,0,1,1,1,0,0,0,0,0,0,1,1,0,0,0,1,1,1,0,0,0,0,1,0,0,0,1,0,0,1,1,0,0,0,0,1,0,0,0,0,0,1,0,1,1,1,0,0,1,1,1,0,1,0,0,0,0,0,1,1,1,0,0,0,0,1,1,0,1,0,0,0,0,0,0,0,0,0,0,0,0,0,0,0,0,0,0,0,1,0,0,0,0,0,0,0,0,0,0,0,0,0,0,0,0,0,0,0,0,0,1,0,0,0,0,0,0,0,0,0,0,0,0,0,1,0,0,0,0,0,0,0,0,0,0,0,0,1,0,0,0,0,0,0,0,0,1,0,0,1,0,1,0,1,0,0,1,0,0,1,1,0,0,0,1,0,1,1,0,0,0,0,1,0,0,0,0,0,0,0,0,1,0,1,1,0,0
bg,1,0,0,0,0,0,1,0,1,0,1,0,1,1,0,1,0,0,0,0,1,0,1,1,1,0,1,0,0,0,1,0,0,1,0,1,0,1,0,0,0,0,1,1,0,0,0,1,0,0,1,0,0,1,0,1,0,1,0,1,0,0,0,0,0,0,0,0,1,1,1,0,0,1,1,0,0,0,1,1,0,1,0,0,0,1,0,0,1,1,1,0,1,0,0,0,0,1,1,0,0,1,0,1,1,1,0,0,0,0,0,0,1,1,0,0,0,1,1,1,0,0,0,0,1,0,0,0,1,0,0,1,1,0,0,0,0,1,0,0,0,0,0,1,0,1,1,1,0,0,1,1,1,0,1,0,0,0,0,0,1,1,1,0,0,0,0,1,1,0,1,0,0,0,0,0,0,0,0,0,0,0,0,1,0,0,0,0,0,0,1,0,0,0,0,0,0,0,0,0,0,0,0,0,0,0,0,0,0,0,0,0,0,0,0,0,0,0,0,0,0,0,0,0,0,0,1,0,0,0,0,0,0,0,0,0,0,0,0,1,0,0,0,0,0,0,0,0,1,1,0,1,1,1,0,1,0,0,1,0,0,1,1,0,0,0,1,0,1,1,0,0,0,0,0,0,0,0,0,0,0,0,0,0,0,1,1,0,0
sl,1,0,0,0,0,0,1,0,1,0,1,0,1,1,0,0,0,0,0,0,1,0,1,1,1,0,1,0,0,0,1,0,0,1,0,1,0,1,0,0,0,0,1,1,0,0,0,1,0,0,1,0,0,1,0,1,0,1,0,1,0,0,1,0,0,1,0,0,1,1,1,0,0,1,1,0,0,0,0,1,0,1,0,0,0,1,0,0,1,1,1,0,1,0,0,0,0,1,1,0,0,0,1,1,1,1,0,0,0,0,0,0,1,1,0,0,0,1,1,1,0,0,0,0,1,0,0,0,1,0,0,1,1,0,0,0,0,1,0,0,0,0,1,1,0,1,1,1,0,0,1,1,1,0,1,0,0,0,0,0,0,1,1,0,0,0,0,1,0,0,1,0,0,0,0,0,0,0,0,0,0,0,0,1,0,0,0,0,0,1,1,0,0,0,0,0,0,0,0,0,0,0,0,0,0,0,0,0,0,0,0,0,0,0,0,0,0,0,0,0,0,0,1,0,0,0,1,0,0,0,0,0,1,0,0,0,0,0,0,1,0,0,0,0,0,0,0,0,1,0,0,1,0,1,0,1,0,0,1,0,0,1,1,0,0,0,1,0,1,1,0,0,1,1,1,0,0,0,0,0,0,0,0,1,0,1,1,0,0
ur,0,1,0,0,0,0,1,0,0,1,1,0,1,1,0,0,0,0,0,0,0,1,1,0,1,0,1,0,0,0,1,0,0,1,0,0,1,1,0,0,0,0,1,0,1,0,0,1,0,0,1,0,1,1,0,1,0,0,0,1,1,0,0,0,0,0,1,0,1,1,1,1,0,1,1,0,1,0,0,1,0,1,0,0,0,1,0,0,1,1,1,0,0,0,0,1,0,0,1,1,0,1,0,1,1,1,0,0,0,0,0,0,1,1,0,0,0,1,1,1,0,0,0,0,1,0,0,0,1,0,0,1,1,0,0,0,0,1,0,0,0,0,0,1,1,1,1,1,0,0,0,1,1,0,1,0,0,0,1,0,1,0,1,0,0,0,0,1,0,1,1,0,0,1,0,0,0,1,0,0,1,0,0,1,0,1,0,0,0,1,1,0,0,0,0,0,0,0,0,1,0,0,0,0,1,0,0,0,0,0,0,0,0,0,0,0,0,0,0,0,0,1,0,0,0,0,0,0,1,0,0,1,0,0,0,0,0,0,0,0,0,0,0,1,0,0,0,0,1,0,0,1,0,1,0,1,1,0,1,1,1,1,1,1,1,0,1,0,1,1,1,1,1,1,1,0,0,0,0,0,0,0,0,1,1,1,1,0,0
nl,1,1,0,0,0,0,1,0,1,1,1,0,1,1,0,1,0,1,0,0,1,0,1,1,1,0,1,0,0,0,1,0,0,1,0,1,0,1,0,1,0,0,1,1,0,0,1,0,0,0,1,0,0,1,0,1,0,1,0,1,0,0,0,0,0,0,0,0,0,0,1,0,0,1,1,1,0,0,0,0,0,1,0,0,1,0,0,0,1,1,1,0,1,0,0,0,0,1,1,0,0,1,0,1,1,1,0,0,0,0,0,0,1,1,0,0,1,1,1,1,0,0,0,0,1,0,0,0,1,0,0,1,1,0,0,0,0,1,0,0,0,0,1,1,0,1,1,1,0,0,1,1,1,0,1,0,0,0,0,0,0,1,1,0,0,0,0,1,1,1,1,1,0,0,0,1,0,1,0,0,1,0,0,1,0,0,0,0,0,0,1,0,0,0,0,0,0,0,0,1,0,1,0,0,1,0,0,0,0,0,0,0,1,0,0,0,0,0,0,0,0,0,0,1,0,0,1,0,0,0,0,0,0,0,0,1,1,0,0,1,1,0,0,0,0,0,0,0,1,0,0,1,0,0,0,1,0,0,1,0,0,1,1,1,1,0,1,1,1,0,1,0,1,1,1,0,0,0,0,0,0,0,0,1,1,1,1,0,0
lv,1,0,0,0,0,0,1,1,1,0,1,0,1,1,0,1,0,1,0,0,1,0,1,0,1,0,1,0,0,0,1,0,0,1,0,1,0,0,1,0,0,0,0,0,0,0,0,0,0,0,1,0,0,1,0,1,0,1,0,1,0,0,1,0,0,1,0,0,1,0,1,1,0,1,1,0,1,0,0,1,0,1,0,0,1,0,0,1,0,1,1,0,1,0,0,0,0,1,1,0,0,1,0,1,1,1,0,0,0,0,0,0,1,1,0,0,0,1,1,1,0,0,0,0,1,1,0,0,1,0,0,1,1,0,0,0,0,1,0,0,0,0,1,1,0,1,1,1,0,0,1,1,1,0,1,0,0,0,0,0,1,1,1,0,0,0,0,1,1,0,1,0,0,0,0,0,0,0,0,0,0,0,0,1,0,0,0,0,0,0,0,0,0,0,0,0,0,0,0,0,0,0,0,0,0,0,0,0,0,0,0,0,0,0,0,0,0,0,0,0,0,0,0,0,0,0,1,0,0,0,0,0,0,0,0,0,0,0,0,1,0,0,0,0,0,0,0,0,1,0,0,1,0,1,0,1,0,0,1,0,0,1,1,0,0,0,1,0,1,1,0,0,0,0,1,0,0,0,0,0,0,0,0,1,0,1,1,0,0
de,1,1,0,0,0,0,1,0,1,1,1,0,1,1,0,1,0,1,0,0,1,0,1,1,1,0,1,0,0,0,1,0,0,1,0,1,0,1,0,1,0,0,1,1,0,0,1,0,0,0,1,0,0,1,0,1,0,1,0,1,0,0,1,0,0,1,0,0,0,0,1,0,0,1,1,1,0,0,0,0,0,1,0,0,1,0,0,0,1,1,1,0,1,0,0,0,0,1,1,0,0,1,0,1,1,1,0,0,0,1,0,1,1,1,0,0,1,1,1,1,0,0,0,0,1,0,1,0,1,0,0,1,1,0,0,0,0,1,0,0,0,0,1,1,1,1,1,1,0,0,1,1,1,0,1,0,0,0,0,0,0,1,1,0,0,0,0,1,1,0,1,1,0,0,0,1,0,1,1,1,0,0,0,1,0,0,0,0,0,1,1,0,0,0,0,0,0,0,0,0,0,0,0,0,1,0,0,0,0,0,0,0,0,0,0,0,0,0,0,0,0,0,0,1,0,0,1,0,0,0,0,1,0,0,0,0,1,0,0,1,0,0,0,0,0,0,0,0,1,0,0,1,0,0,0,1,0,0,1,0,0,1,1,0,1,0,1,1,1,0,1,0,1,1,1,0,0,0,0,0,0,0,0,1,1,1,1,0,0
ro,1,0,0,0,0,0,1,0,1,0,1,0,1,1,1,0,0,1,0,0,1,0,0,1,1,1,1,1,0,0,1,0,0,1,0,1,0,1,0,0,0,0,1,1,0,0,0,1,0,0,1,0,0,1,0,1,0,0,0,1,0,0,1,0,0,1,0,0,1,1,1,0,0,1,1,0,0,0,0,0,0,1,0,0,0,1,0,0,1,1,1,0,1,0,0,0,0,1,1,0,0,1,0,1,1,1,0,0,0,0,0,0,1,1,0,0,0,1,1,1,0,0,0,0,1,0,0,0,0,0,0,1,1,0,0,0,0,1,0,0,0,0,1,1,1,1,1,1,0,0,1,1,1,0,1,0,0,0,0,0,1,1,1,0,0,0,0,1,1,1,0,0,0,0,0,0,0,0,0,0,0,0,0,1,0,0,0,0,0,1,1,0,0,0,0,0,0,0,0,0,0,0,0,1,0,0,0,0,0,0,0,0,0,0,0,0,0,0,0,0,0,0,0,0,0,0,1,0,0,0,0,0,0,0,0,0,0,0,0,1,0,0,0,0,0,0,0,0,1,0,0,1,0,1,0,1,0,0,1,0,0,1,1,1,0,0,1,0,1,0,0,0,0,0,1,0,0,0,0,0,1,0,0,0,0,1,1,0,0
bxr,0,1,0,0,0,0,1,0,0,1,1,0,0,0,0,0,0,0,0,1,0,1,1,0,1,0,1,0,0,0,1,0,1,0,0,1,0,0,0,0,0,0,0,0,0,0,0,0,0,0,1,0,0,1,0,1,0,1,0,1,1,0,1,0,0,1,1,0,1,1,1,0,0,1,1,0,0,1,0,1,0,0,1,0,1,0,0,0,1,0,1,0,0,0,0,1,0,0,1,1,0,1,1,1,1,1,0,0,0,0,0,0,1,1,0,0,0,1,1,1,0,0,0,0,1,0,1,0,1,0,1,1,1,0,0,0,0,0,0,0,0,0,1,0,0,1,1,1,0,0,1,1,1,0,1,0,0,0,0,0,1,1,1,0,0,0,0,1,0,0,1,0,0,0,0,0,0,1,0,0,0,0,0,1,0,0,0,0,0,0,0,0,0,0,0,0,0,0,0,0,0,0,0,0,0,0,0,0,0,0,0,0,0,0,0,0,0,0,0,0,0,0,0,0,0,0,1,0,0,0,0,0,0,0,0,0,0,0,0,0,0,0,0,0,0,1,0,0,1,0,0,1,0,1,0,0,0,0,1,0,0,1,1,0,0,0,1,1,1,0,0,0,0,0,1,0,0,0,0,0,0,0,0,0,1,1,0,0,0
kmr,0,1,0,0,0,0,1,0,0,1,1,0,0,0,1,0,1,0,0,1,1,0,0,1,0,1,1,0,0,0,1,0,0,1,0,1,1,0,1,0,0,0,0,0,0,0,0,0,0,0,1,0,1,1,0,1,0,0,0,1,1,0,0,0,0,0,0,1,1,1,1,0,0,1,1,0,0,0,0,0,0,1,0,0,0,1,0,1,0,1,1,0,1,0,0,0,0,1,1,0,0,1,1,1,1,1,0,0,0,1,1,0,1,1,0,0,0,1,1,1,0,0,0,1,1,0,1,0,1,0,0,1,1,0,0,0,0,1,0,0,0,0,0,1,0,1,1,1,0,0,1,1,1,0,1,0,0,0,1,0,1,1,1,0,0,0,0,1,1,1,1,0,0,0,0,0,1,1,0,0,0,0,0,0,0,0,0,0,0,1,0,0,0,0,0,0,0,0,0,1,0,0,0,1,1,0,0,0,0,0,0,0,0,0,0,0,0,0,0,0,0,0,0,0,0,0,1,0,0,0,0,1,0,0,0,0,0,0,0,1,1,1,0,0,0,0,0,0,1,0,0,1,0,1,0,0,0,0,1,0,0,1,1,1,1,1,1,0,1,1,1,0,0,0,0,0,0,0,0,0,1,0,0,0,1,1,1,0,0
hsb,1,0,0,0,0,0,1,0,1,0,1,0,1,1,0,0,0,0,0,0,1,0,1,1,1,0,1,0,0,0,1,0,0,1,0,1,0,1,1,0,0,0,1,1,0,0,0,1,0,0,1,0,0,1,0,1,0,1,0,1,0,0,1,0,0,1,0,0,1,1,1,0,0,1,1,0,1,0,0,1,0,1,0,0,0,1,0,0,1,1,1,0,1,0,0,0,0,1,1,0,0,1,0,1,1,1,0,0,0,0,0,0,1,1,0,0,0,1,1,1,0,0,0,0,1,0,0,0,1,0,0,1,1,0,0,0,0,1,0,0,0,0,1,1,0,1,1,1,0,0,1,1,1,0,1,0,0,0,0,0,1,1,1,0,0,0,0,1,1,0,1,0,0,0,0,0,0,0,0,0,0,0,0,0,0,0,0,0,0,0,1,0,0,0,0,0,0,0,0,0,0,0,0,0,0,0,0,0,0,0,0,0,1,0,0,0,0,0,0,0,0,0,0,0,0,0,1,0,0,0,0,0,0,0,0,0,0,0,0,1,0,0,0,0,0,0,0,0,1,0,0,1,0,1,0,1,0,0,1,0,0,1,1,0,0,0,1,0,1,1,0,0,0,0,1,0,0,0,0,0,0,0,0,1,0,1,1,0,0
kk,0,1,0,0,0,0,1,0,0,1,1,0,0,0,0,0,0,1,0,1,0,1,1,0,1,0,1,0,0,0,1,0,1,0,0,0,1,0,0,0,1,0,0,0,0,0,0,0,0,0,1,0,0,1,1,1,0,0,0,1,1,0,1,0,0,1,1,1,1,1,1,1,0,1,1,0,0,0,0,1,0,1,0,0,0,1,0,1,0,0,1,0,0,0,0,1,0,0,1,1,0,0,1,1,1,1,0,0,0,1,0,0,1,1,0,0,1,1,1,1,0,0,0,0,1,0,1,0,1,0,0,1,1,0,0,0,0,1,0,0,0,0,0,1,1,0,1,1,0,0,1,1,1,0,1,0,0,0,1,0,0,1,1,0,0,0,0,0,1,0,1,0,0,0,0,1,0,1,0,0,1,0,0,0,0,0,0,0,0,0,1,0,0,0,0,0,0,0,0,0,0,0,0,0,1,0,0,0,0,0,0,0,0,0,0,0,0,0,0,0,0,0,0,0,0,0,1,0,0,0,0,1,0,0,0,0,0,0,0,1,0,0,0,0,0,0,0,0,1,0,0,1,0,1,0,1,0,0,1,0,0,1,1,0,1,0,1,1,1,1,1,0,0,1,1,1,0,0,0,0,0,0,0,0,1,1,1,0,0
hy,1,1,0,0,0,0,1,0,1,1,1,0,0,0,1,0,0,1,0,1,1,1,1,0,1,0,1,0,0,0,1,0,1,1,0,1,0,1,1,0,0,0,0,0,0,0,0,0,0,0,1,0,1,1,1,1,0,0,0,1,1,0,1,0,0,1,1,0,1,1,1,0,0,1,1,0,0,0,0,0,0,1,0,0,0,1,0,1,1,0,1,1,1,0,0,0,0,1,1,0,0,1,1,1,0,1,1,0,0,1,0,1,1,1,0,0,0,1,1,1,0,0,0,0,1,0,0,0,1,0,0,1,0,0,0,0,0,1,0,0,0,0,1,1,1,1,1,1,0,0,1,1,1,0,1,0,0,0,0,0,1,1,1,0,0,0,0,1,1,0,0,0,0,0,0,0,0,0,0,0,0,0,0,0,0,0,0,0,0,0,0,0,0,0,0,0,0,0,0,0,0,0,0,0,0,0,0,0,0,0,0,0,0,0,0,0,0,0,0,0,0,0,0,0,1,0,1,0,0,0,0,0,0,0,0,0,0,0,0,1,0,0,0,0,0,0,0,1,1,0,0,1,0,1,0,1,0,0,1,0,0,1,1,0,1,0,1,0,1,1,1,0,0,0,1,0,0,0,1,0,0,0,0,0,1,1,0,0,0
ga,0,0,1,0,0,0,0,1,1,0,1,0,1,1,0,1,0,0,0,0,1,0,0,1,0,1,0,1,0,0,1,0,0,1,0,0,0,1,0,0,0,1,0,1,0,0,0,1,0,0,1,0,0,1,0,1,0,1,1,1,0,0,0,0,0,0,0,0,0,1,1,0,0,1,1,0,1,0,0,1,0,1,0,0,0,1,0,0,1,1,1,0,1,0,0,0,0,1,1,0,0,1,0,1,1,1,0,0,0,0,0,0,1,1,0,0,1,1,1,1,0,0,0,0,1,0,0,0,0,0,0,1,1,0,0,0,0,0,0,0,0,0,1,0,1,1,1,1,0,0,1,1,1,0,1,0,0,0,0,0,0,1,1,0,0,0,0,1,0,1,1,0,0,1,0,0,0,1,0,0,1,0,0,0,0,0,0,0,0,0,0,0,0,0,0,0,0,0,0,1,0,0,0,0,1,0,0,0,0,0,0,0,1,0,0,0,0,1,0,0,0,0,1,0,0,0,1,0,0,0,0,1,0,0,0,1,0,0,0,0,0,0,0,0,0,1,0,0,1,1,1,1,1,1,0,1,0,0,1,0,0,1,1,1,0,0,1,0,1,1,0,1,0,0,1,0,0,0,0,0,0,0,0,1,1,1,1,1,0
sme,1,0,0,0,0,0,1,0,1,0,1,0,0,0,0,0,0,0,0,1,0,1,1,0,1,0,1,0,0,0,1,0,0,1,0,1,0,1,0,0,0,0,1,1,0,0,0,1,0,0,1,0,0,1,0,1,0,0,0,1,0,0,1,0,0,1,0,0,1,0,1,0,0,1,1,0,0,0,0,1,0,1,0,0,0,1,0,0,1,1,1,0,1,0,0,0,0,1,1,0,0,1,0,1,1,1,0,0,0,0,0,0,1,1,0,0,1,1,1,1,0,0,0,0,1,0,0,0,0,0,0,1,1,0,0,0,0,1,0,0,0,0,1,1,0,1,1,1,0,0,1,1,1,0,1,0,0,0,0,0,0,1,1,0,0,0,0,1,0,0,0,1,0,0,0,1,0,1,0,0,0,0,0,0,0,0,0,0,0,1,1,0,0,0,0,0,0,0,0,0,0,0,0,0,0,0,0,0,0,0,0,0,1,0,0,0,0,0,0,0,0,0,0,0,0,0,1,0,0,0,0,0,0,0,0,1,0,0,0,1,0,0,0,0,0,1,0,0,1,1,0,1,1,1,0,1,0,0,1,0,0,1,1,0,0,0,1,1,1,0,0,0,0,1,1,0,0,0,0,0,0,0,0,0,1,1,1,0,0
